Building,Product Id
Building A,1
Building L,2
Building L,3
Building B,4
Building O,5
Building B,6
Building I,7
Building E,8
Building L,9
Building N,10
Building I,11
Building O,12
Building J,13
Building F,14
Building F,15
Building N,16
Building E,17
Building D,18
Building J,19
Building D,20
Building H,21
Building O,22
Building G,23
Building J,24
Building A,25
Building E,26
Building C,27
Building G,28
Building I,29
Building B,30
Building I,31
Building B,32
Building I,33
Building E,34
Building F,35
Building B,36
Building M,37
Building I,38
Building E,39
Building O,40
Building I,41
Building N,42
Building M,43
Building J,44
Building E,45
Building L,46
Building H,47
Building G,48
Building J,49
Building H,50
Building M,51
Building D,52
Building M,53
Building F,54
Building M,55
Building H,56
Building K,57
Building H,58
Building O,59
Building J,60
Building N,61
Building A,62
Building H,63
Building B,64
Building E,65
Building B,66
Building G,67
Building K,68
Building M,69
Building D,70
Building K,71
Building L,72
Building D,73
Building M,74
Building F,75
Building G,76
Building F,77
Building I,78
Building I,79
Building A,80
Building L,81
Building N,82
Building E,83
Building D,84
Building E,85
Building B,86
Building G,87
Building K,88
Building L,89
Building N,90
Building F,91
Building B,92
Building I,93
Building O,94
Building C,95
Building H,96
Building F,97
Building F,98
Building D,99
Building O,100
Building J,101
Building E,102
Building C,103
Building L,104
Building K,105
Building O,106
Building O,107
Building D,108
Building H,109
Building L,110
Building D,111
Building D,112
Building L,113
Building D,114
Building N,115
Building E,116
Building D,117
Building D,118
Building D,119
Building N,120
Building D,121
Building N,122
Building J,123
Building F,124
Building C,125
Building M,126
Building B,127
Building B,128
Building O,129
Building B,130
Building K,131
Building K,132
Building H,133
Building J,134
Building A,135
Building M,136
Building N,137
Building I,138
Building A,139
Building N,140
Building H,141
Building F,142
Building J,143
Building F,144
Building H,145
Building O,146
Building O,147
Building O,148
Building J,149
Building N,150
Building E,151
Building H,152
Building C,153
Building M,154
Building O,155
Building I,156
Building E,157
Building G,158
Building D,159
Building M,160
Building J,161
Building C,162
Building A,163
Building I,164
Building M,165
Building G,166
Building H,167
Building I,168
Building A,169
Building I,170
Building F,171
Building G,172
Building N,173
Building K,174
Building M,175
Building C,176
Building H,177
Building B,178
Building L,179
Building I,180
Building H,181
Building F,182
Building L,183
Building A,184
Building A,185
Building K,186
Building D,187
Building G,188
Building J,189
Building B,190
Building F,191
Building F,192
Building J,193
Building N,194
Building E,195
Building C,196
Building I,197
Building E,198
Building D,199
Building E,200
Building H,201
Building J,202
Building F,203
Building F,204
Building C,205
Building H,206
Building G,207
Building D,208
Building G,209
Building L,210
Building M,211
Building F,212
Building F,213
Building N,214
Building G,215
Building E,216
Building H,217
Building C,218
Building J,219
Building C,220
Building J,221
Building K,222
Building D,223
Building N,224
Building B,225
Building L,226
Building E,227
Building M,228
Building D,229
Building I,230
Building G,231
Building N,232
Building G,233
Building D,234
Building C,235
Building M,236
Building L,237
Building C,238
Building H,239
Building M,240
Building A,241
Building C,242
Building G,243
Building H,244
Building C,245
Building O,246
Building N,247
Building K,248
Building I,249
Building I,250
Building L,251
Building F,252
Building M,253
Building H,254
Building E,255
Building E,256
Building I,257
Building N,258
Building J,259
Building A,260
Building G,261
Building B,262
Building L,263
Building C,264
Building A,265
Building D,266
Building N,267
Building E,268
Building H,269
Building N,270
Building K,271
Building B,272
Building H,273
Building L,274
Building F,275
Building E,276
Building F,277
Building F,278
Building I,279
Building I,280
Building O,281
Building M,282
Building E,283
Building F,284
Building A,285
Building G,286
Building B,287
Building F,288
Building N,289
Building K,290
Building J,291
Building D,292
Building J,293
Building J,294
Building K,295
Building K,296
Building I,297
Building C,298
Building M,299
Building E,300
Building F,301
Building F,302
Building K,303
Building I,304
Building H,305
Building M,306
Building L,307
Building H,308
Building O,309
Building B,310
Building G,311
Building J,312
Building E,313
Building H,314
Building K,315
Building C,316
Building N,317
Building C,318
Building K,319
Building M,320
Building O,321
Building F,322
Building G,323
Building K,324
Building J,325
Building J,326
Building G,327
Building N,328
Building O,329
Building B,330
Building B,331
Building C,332
Building F,333
Building D,334
Building F,335
Building F,336
Building K,337
Building E,338
Building L,339
Building E,340
Building J,341
Building K,342
Building G,343
Building E,344
Building O,345
Building H,346
Building M,347
Building N,348
Building F,349
Building L,350
Building J,351
Building I,352
Building H,353
Building G,354
Building C,355
Building C,356
Building N,357
Building A,358
Building C,359
Building L,360
Building D,361
Building K,362
Building E,363
Building L,364
Building L,365
Building L,366
Building B,367
Building D,368
Building C,369
Building G,370
Building B,371
Building B,372
Building B,373
Building O,374
Building O,375
Building H,376
Building I,377
Building A,378
Building A,379
Building M,380
Building G,381
Building I,382
Building M,383
Building B,384
Building B,385
Building E,386
Building J,387
Building C,388
Building B,389
Building K,390
Building O,391
Building O,392
Building G,393
Building E,394
Building D,395
Building D,396
Building L,397
Building E,398
Building H,399
Building K,400
Building C,401
Building C,402
Building I,403
Building N,404
Building C,405
Building A,406
Building A,407
Building K,408
Building F,409
Building N,410
Building O,411
Building F,412
Building N,413
Building H,414
Building H,415
Building N,416
Building I,417
Building O,418
Building E,419
Building I,420
Building H,421
Building C,422
Building L,423
Building I,424
Building C,425
Building J,426
Building J,427
Building H,428
Building K,429
Building L,430
Building K,431
Building O,432
Building J,433
Building G,434
Building I,435
Building K,436
Building K,437
Building I,438
Building E,439
Building O,440
Building F,441
Building H,442
Building I,443
Building D,444
Building M,445
Building B,446
Building H,447
Building E,448
Building F,449
Building G,450
Building E,451
Building C,452
Building E,453
Building A,454
Building A,455
Building I,456
Building N,457
Building M,458
Building N,459
Building C,460
Building F,461
Building E,462
Building H,463
Building I,464
Building A,465
Building L,466
Building O,467
Building H,468
Building M,469
Building H,470
Building E,471
Building A,472
Building M,473
Building G,474
Building M,475
Building E,476
Building J,477
Building D,478
Building M,479
Building A,480
Building I,481
Building F,482
Building D,483
Building G,484
Building O,485
Building I,486
Building G,487
Building G,488
Building D,489
Building C,490
Building L,491
Building L,492
Building K,493
Building G,494
Building N,495
Building G,496
Building D,497
Building E,498
Building B,499
Building G,500
